SAARIOINEN EESTI OÜ,Estonia
VERSKA MINERAALVEE OÜ,Estonia
NÕO LIHATÖÖSTUS AS,Estonia
KALLASTE KALUR OÜ,Estonia
ELTRUM OÜ,Estonia
INTERCHEMIE WERKEN DE ADELAAR EESTI AS,Estonia
BALBIINO AS,Estonia
'LATIKAS' OÜ,Estonia
KARJA PAGARIÄRI OÜ,Estonia
KEHRA PAGAR OÜ,Estonia
NESCOSUB OÜ,Estonia
PREMIA TALLINNA KÜLMHOONE AS,Estonia
TOOTSTEELE OÜ,Estonia
MARLITT OÜ,Estonia
LOIRI PAGAR OÜ,Estonia
SAIDAFARM OÜ,Estonia
PIURIK OÜ,Estonia
ATRIA EESTI AS,Estonia
OTEPÄÄ LIHATÖÖSTUS EDGAR OÜ,Estonia
KAJAX FISHEXPORT AS,Estonia
SAAREMAA PIIMATÖÖSTUS AS,Estonia
REMEDIA AS,Estonia
BERTRAND OÜ,Estonia
MASEKONORD AS,Estonia
CAUTES AS,Estonia
KATRONI OÜ,Estonia
RANNAROOTSI LIHATÖÖSTUS AS,Estonia
A-VORST OÜ,Estonia
VIREEDA OÜ,Estonia
ARKE LIHATÖÖSTUS AS,Estonia
DESSERT AS,Estonia
TALLINNA FARMAATSIATEHASE AS,Estonia
KRAVOND AS,Estonia
MARMITON AS,Estonia
LIHULA LEIB OÜ,Estonia
MAADLEX OÜ,Estonia
LINNAMÄE LIHATÖÖSTUS AS,Estonia
KIKAS OÜ,Estonia
LIVIKO AS,Estonia
RAARET OÜ,Estonia
POSEIDON FOODS OÜ,Estonia
SF PANDIVERE OÜ,Estonia
ALOSA OÜ,Estonia
KRISKAL OÜ,Estonia
RAPLA MARTSIPAN OÜ,Estonia
PALJASSAARE KALATÖÖSTUS AS,Estonia
KAUBI ETTEVÕTTED AS,Estonia
HKSCAN ESTONIA AS,Estonia
VIRU ÕLU AS,Estonia
BALSNACK INTERNATIONAL HOLDING AS,Estonia
KARIMA ELVA OÜ,Estonia
SIGWAR OÜ,Estonia
KAARLI TALUKAUP OÜ,Estonia
EKSFISK OÜ,Estonia
PAADI PAGAR OÜ,Estonia
OTEPÄÄ OSKAR OÜ,Estonia
LINDA NEKTAR AS,Estonia
EST-AGAR AS,Estonia
SAKU LÄTE OÜ,Estonia
LEIBUR AS,Estonia
KÕLDU LIHAKARN OÜ,Estonia
KING CARGO OÜ,Estonia
ALTIA EESTI AS,Estonia
MIKAADO OÜ,Estonia
GEIROM OÜ,Estonia
LAHEOTSA OÜ,Estonia
KIHNU KALA AS,Estonia
VÄRSKA VESI AS,Estonia
VALIO EESTI AS,Estonia
PHARMAESTICA MANUFACTURING OÜ,Estonia
RIENA GRUPP OÜ,Estonia
SANGASTE LINNAS AS,Estonia
BALTI VESKI AS,Estonia
STARTER ST OÜ,Estonia
PANDIVERE L.T. OÜ,Estonia
TAAKO OÜ,Estonia
KUNO PLAAN & KONDIITRID OÜ,Estonia
RAISTEL OÜ,Estonia
BACULA AS,Estonia
PEETMARK LH TAPA LIHATÖÖSTUS OÜ,Estonia
TARPLANI KAUBANDUSE OÜ,Estonia
FACTORIA-MULGI PAGAR OÜ,Estonia
CALAMARIS OÜ,Estonia
EUROPAGAR OÜ,Estonia
OSKAR LT AS,Estonia
HEIMON KALA OÜ,Estonia
VIRU RAND OÜ,Estonia
ROSMEITO OÜ,Estonia
PAGARIPOISID OÜ,Estonia
LUNARIS OÜ,Estonia
M.V.WOOL AS,Estonia
VIPIS OÜ,Estonia
MERRIBA OÜ,Estonia
SUURE-JAANI VORSTITÖÖSTUS OÜ,Estonia
KEVELT AS,Estonia
SALUTAGUSE PÄRMITEHAS AS,Estonia
VIIMSI LIHATÖÖSTUSE OÜ,Estonia
LÄÄTSA KALATÖÖSTUS AS,Estonia
LEPIKU LIHATÖÖSTUS OÜ,Estonia
FRESHREX GROUP OÜ,Estonia
PAGARI-LIISU OÜ,Estonia
SAAREMAA VESI OÜ,Estonia
'RÕNGU MAHL' AS,Estonia
VRHL OÜ,Estonia
ANNEMELI LIHATOOTED OÜ,Estonia
JAPS M.V.M. AS,Estonia
LÕUNA PAGARID AS,Estonia
POLAR SUN PRODUCTS OÜ,Estonia
HOGG INVEST OÜ,Estonia
ESTOVER PIIMATÖÖSTUS OÜ,Estonia
LARGO AS,Estonia
PEIPSI KALATÖÖSTUS OÜ,Estonia
OG ELEKTRA TOOTMINE AS,Estonia
ARGOHANSA OÜ,Estonia
AVEKTRA OÜ,Estonia
TATALUS OÜ,Estonia
TALUKARTUL TÜH,Estonia
KARAMELLE OÜ,Estonia
I.D.EHAKOS OÜ,Estonia
JARKO AUTO OÜ,Estonia
AGROVARUSTUS OÜ,Estonia
SAARE FISHEXPORT OÜ,Estonia
SAAREMAA DELIFOOD OÜ,Estonia
MAIKELLUKE OÜ,Estonia
ORTI-PAGAR OÜ,Estonia
BAKA PRO OÜ,Estonia
KARJAMÕISA OÜ,Estonia
EESTI JUUSTU TOOTMISE OÜ,Estonia
VIREEN AS,Estonia
RAJAMÕISA OÜ,Estonia
ELTAFO OÜ,Estonia
JAANIHANSO OÜ,Estonia
HEA VESI OÜ,Estonia
NOPRI TALUMEIEREI OÜ,Estonia
KADARBIKU KÖÖGIVILI OÜ,Estonia
CONVI FOOD SWEETS OÜ,Estonia
VECORDIA PÕLTSAMAA VORSTITÖÖSTUS OÜ,Estonia
LAHEKALA OÜ,Estonia
TEHNOVORM OÜ,Estonia
FARMI PIIMATÖÖSTUS AS,Estonia
FIJOM PLUSS OÜ,Estonia
KALMA KAUBANDUS OÜ,Estonia
AUDRU PAGAR OÜ,Estonia
BON SOYA OÜ,Estonia
LUCISI - PAJUSI LIHATÖÖSTUS OÜ,Estonia
MÄRJAMAA LIHATÖÖSTUS OÜ,Estonia
LEMEL RH OÜ,Estonia
SEAFOOD INTERNATIONAL OÜ,Estonia
KULDKÄPP OÜ,Estonia
KAASIKU ÄRI OÜ,Estonia
REEDA PAGAR OÜ,Estonia
GRANIMA GRUPP OÜ,Estonia
OSVALD TEENUSED OÜ,Estonia
MAHETALU OÜ,Estonia
EESTI KALAPÜÜGIÜHISTU TÜH,Estonia
AIRUS OÜ,Estonia
REBASEONU.EE OÜ,Estonia
MATSIMOKA OÜ,Estonia
LIGHTFOOD OÜ,Estonia
KEHTNA LIHATÖÖSTUS OÜ,Estonia
FREEZEDRY OÜ,Estonia
ORKLA EESTI AS,Estonia
EVERMARK OÜ,Estonia
PEIPSI GRUPP HOLDING OÜ,Estonia
SANTA MARIA AS,Estonia
LUNDEN FOOD OÜ,Estonia
JUURVILJAAIT OÜ,Estonia
MALDIVAR OÜ,Estonia
FOR ANGULA OÜ,Estonia
SAAREMAA LIHATÖÖSTUS OÜ,Estonia
SAUE PRODUCTION OÜ,Estonia
RÕNGU PAGAR OÜ,Estonia
MOOSKA OÜ,Estonia
KÕLLESTE KOMMIMEISTRID OÜ,Estonia
CONOREL GRUPP OÜ,Estonia
SHITAKE OÜ,Estonia
METSAVENNA TURISMITALU OÜ,Estonia
EESTI SAI OÜ,Estonia
HIIUMAA KÖÖK JA PAGAR OÜ,Estonia
TERE AS,Estonia
PALLIMEHED OÜ,Estonia
MS SUUREKIVI OÜ,Estonia
REVAL KONDIITER OÜ,Estonia
TUSCAN ESTATES AGRICULTURAL COMPANY OÜ,Estonia
DTRIM GRUPP OÜ,Estonia
SILLAALLIKA OÜ,Estonia
POLVEN FOODS OÜ,Estonia
NORDIC ORGANIC OÜ,Estonia
REOLA KÖÖGIVILJAD OÜ,Estonia
LOOV ORGANIC OÜ,Estonia
ECOSH LIFE OÜ,Estonia
KOKSVERE VESKI OÜ,Estonia
GURMEEKLUBI OÜ,Estonia
CENTRAL PARTS GMBH,Germany
GN AUDIO GERMANY GMBH,Germany
EXCLUSIVE NETWORKS DEUTSCHLAND GMBH,Germany
VOLVO GROUP TRUCKS CENTRAL EUROPE GMBH,Germany
KÖGLER GMBH,Germany
HIL INTERNATIONAL GMBH,Germany
RAIFFEISEN-WARENGENOSSENSCHAFT AMMERLAND-OSTFRIESLAND EG,Germany
AUTOMOBILE DARMAS GMBH,Germany
SHURE EUROPE GMBH,Germany
DIE SCHNEIDER GRUPPE GMBH,Germany
METSO GERMANY GMBH,Germany
KERN & STELLY MEDIENTECHNIK GMBH,Germany
NIDEC ACIM GERMANY GMBH,Germany
TREPEL AIRPORT EQUIPMENT GMBH,Germany
MANITOU DEUTSCHLAND GMBH,Germany
FRONIUS DEUTSCHLAND GMBH,Germany
EUROPE CHEMI-CON (DEUTSCHLAND) GESELLSCHAFT MIT BESCHRÄNKTER HAFTUNG,Germany
AUTOHAUS KARL + CO. GMBH & CO. KG,Germany
TORPEDO GARAGE SAARLAND GMBH,Germany
SUMITOMO ELECTRIC HARTMETALL GMBH,Germany
R & S MOBILE GMBH & CO. KG,Germany
SÜVERKRÜP + AHRENDT GMBH & CO. KG,Germany
II-VI GMBH,Germany
HUBER + SUHNER GMBH,Germany
HIRSCHVOGEL GMBH & CO. KG,Germany
WUCHERPFENNIG & KROHN SERVICE GMBH,Germany
GLYN JONES GMBH & CO. VERTRIEB VON ELEKTRONISCHEN BAUELEMENTEN KG,Germany
W. TIEMANN GMBH & CO. KG,Germany
ALTRAD PLETTAC ASSCO GMBH,Germany
AUTOHAUS BILIA GMBH & CO KG,Germany
WEG GERMANY GMBH,Germany
ADESA DEUTSCHLAND GMBH,Germany
C. ILLIES & CO. (GMBH & CO.) KG,Germany
HERMANN ALBERT BUMKE GMBH & CO. KG,Germany
SAFRAN HELICOPTER ENGINES GERMANY GMBH,Germany
HANS EICHBICHLER GMBH & CO KG,Germany
AUTOHAUS MICHAEL SCHMIDT GMBH,Germany
HANS JOACHIM JETSCHKE INDUSTRIEFAHRZEUGE (GMBH & CO.) KG,Germany
AUTO-LEEBMANN GMBH,Germany
AUTOHAUS EULER GMBH,Germany
SWISSLOG GMBH,Germany
AUTOHAUS SEITZ GMBH,Germany
IVECO SÜD - WEST NUTZFAHRZEUGE GMBH,Germany
BLOCK AM RING G.M.B.H. & CO. KG.,Germany
GÖTHLING & KAUFMANN AUTOMOBILE GMBH,Germany
PROCAR AUTOMOBILE MÜNSTERLAND GMBH,Germany
GERD BREUER GMBH,Germany
BRINKMANN GMBH,Germany
AUTOHAUS ARNHÖLTER GMBH,Germany
HEINRICH THOMAS GMBH & CO. KOMMANDITGESELLSCHAFT,Germany
STÜRMER MASCHINEN GMBH,Germany
M A V E G INDUSTRIEAUSRÜSTUNGEN GMBH,Germany
AUTO LEVY GMBH & CO. KG,Germany
AUTOHAUS MÖBUS GMBH,Germany
AUTOHAUS NIX GMBH,Germany
AUTOHAUS ROLF HORN GMBH,Germany
AUER PACKAGING GMBH,Germany
SCREEN SPE GERMANY GMBH,Germany
BOBCAT BENSHEIM GMBH,Germany
SCHUBERT MOTORS GMBH,Germany
U-SHIN DEUTSCHLAND ZUGANGSSYSTEME GMBH,Germany
CLAAS WÜRTTEMBERG GMBH,Germany
HUF BAOLONG ELECTRONICS BRETTEN GMBH,Germany
LANDWIRTSCHAFTLICHER EIN- UND VERKAUF OSTHOLSTEIN EG,Germany
HUGO HAMANN GMBH & CO. KG,Germany
MORELO REISEMOBILE GMBH,Germany
VOLKSWAGEN ZENTRUM AACHEN JACOBS AUTOMOBILE GMBH,Germany
COOPERVISION GMBH,Germany
MITEL DEUTSCHLAND GMBH,Germany
KLOS AUTOMOBILE GMBH,Germany
PILLER GERMANY GMBH & CO. KG,Germany
AUTO BEBION MAGSTADT GMBH,Germany
REMAX AUTOHANDELS GMBH,Germany
HERMANN GMBH,Germany
PRECKEL GMBH & CO. KG,Germany
DÜKER GMBH,Germany
OTTO GLÖCKLER GMBH & CO. KG,Germany
SATURN ELECTRO-HANDELSGESELLSCHAFT MBH FRANKFURT/MAIN,Germany
LEICA GEOSYSTEMS GMBH VERTRIEB,Germany
PILLER GROUP GMBH,Germany
PELZER FÖRDERTECHNIK GMBH,Germany
AUTOHAUS TÖNNEMANN GMBH & CO. KG,Germany
AUTOHAUS FISCHER GMBH,Germany
AUTOHAUS ELITZSCH GMBH,Germany
FORTEC ELEKTRONIK AKTIENGESELLSCHAFT,Germany
HÜLPERT SK GMBH,Germany
BROTHER SEWING MACHINES EUROPE GMBH,Germany
YESSS ELEKTROFACHGROßHANDLUNG GMBH,Germany
DUTTENHÖFER T+L GMBH & CO. KG,Germany
ANDREW WIRELESS SYSTEMS GMBH,Germany
REC SOLAR EMEA GMBH,Germany
C. THOMSEN GMBH,Germany
ADOLF RAHENBROCK GMBH & CO. KG,Germany
WÄRTSILÄ DEUTSCHLAND GMBH,Germany
FRIEDRICH HOFFMANN GMBH & CO. KG,Germany
AUTOHAUS BERGLAND GMBH,Germany
STADAC GMBH & CO. KG,Germany
MASCHEK AUTOMOBILE GMBH & CO. KG,Germany
VOLVO CENTRUM RHEIN RUHR GMBH,Germany
JOHANNES HAPPE GMBH & CO. KG,Germany
NEOTECHNIK FÖRDERSYSTEME GMBH & CO. KG,Germany
AUTOHAUS FISCHER GMBH,Germany
HONGFA EUROPE GMBH,Germany
SCHÜCHL GMBH,Germany
WATERS GMBH,Germany
MARTIN HARTL ELEKTROFACHGROßHANDEL GESELLSCHAFT MIT BESCHRÄNKTER HAFTUNG,Germany
MOTOR CENTER HEINEN GMBH,Germany
TECH MAHINDRA GMBH,Germany
F/G/M AUTOMOBIL GMBH FRANZ GRAF METTCHEN,Germany
BTS GMBH & CO. KG,Germany
FRIEDRICH NIEMANN GMBH U. CO. KG,Germany
LUTZE FÖRDERTECHNIK GMBH,Germany
AXDIA INTERNATIONAL GMBH,Germany
IVECO NORD NUTZFAHRZEUGE GMBH,Germany
SATURN ELECTRO- HANDELSGESELLSCHAFT MBH BERLIN I,Germany
AUTOHAUS ELMSHORN GMBH & CO. KG,Germany
DISCO HI-TEC EUROPE GMBH,Germany
AUTOHAUS MKM HUBER GMBH,Germany
SATURN TECHNO-ELECTRO-HANDELSGESELLSCHAFT MBH,Germany
KARDEX DEUTSCHLAND GMBH,Germany
MARGARITIS-TRUCKS- VERMIETUNGS- UND HANDELSGESELLSCHAFT MBH,Germany
PENSKE SPORTWAGEN HAMBURG GMBH,Germany
BONFIGLIOLI DEUTSCHLAND GMBH,Germany
MEDIA MARKT TV-HIFI-ELEKTRO GMBH BERLIN-MITTE,Germany
AMB AUTOMOBILE BORNA GMBH,Germany
ESCHENBACH OPTIK GMBH,Germany
HÜLPERT AZ GMBH,Germany
AUTOHAUS EULER HOFHEIM GMBH,Germany
AUTOHAUS CHRISTL & SCHOWALTER GMBH & CO. KG,Germany
CALUMET PHOTOGRAPHIC GMBH,Germany
PETER PRAUNSMÄNDTL GMBH & CO KG,Germany
D&M GERMANY GMBH,Germany
AUTOHAUS ANDERS GMBH,Germany
GOTTSTEIN GMBH AUTOMOBILE + MOTORRÄDER,Germany
MEDIA MARKT TV-HIFI-ELEKTRO GMBH HEILBRONN,Germany
AUTOHAUS SCHNITZLER GMBH & CO. KG,Germany
NIKON PRECISION EUROPE GMBH,Germany
AUTO CONEN GMBH,Germany
GGM GASTRO INTERNATIONAL GMBH,Germany
JACOBS AUTOMOBILE ALSDORF GMBH,Germany
DÜCKER CONVEYOR SYSTEMS GMBH,Germany
FLEISCHER-EINKAUF LEIPZIG AG,Germany
